date_time,session_name,speaker,location,event_name
2019-03-13  13:20,Microservices on AWS: Architectural Patterns and Best Practices,Lior Pollack & Moshe Shelly & Shahar Markovitch,"Tel Aviv, Israel",AWS Summit Tel Aviv
2019-03-13  14:10,Let Your Business Logic go Serverless,Uri Segev & Oren Reuveni,"Tel Aviv, Israel",AWS Summit Tel Aviv
2019-03-13 15:00,Frontend and Mobile with AWS Amplify,Moshe Shelly & Ran Efrat,"Tel Aviv, Israel",AWS Summit Tel Aviv
2019-03-13 15:50,Unleash the Power of ML with AWS,Orit Alul,"Tel Aviv, Israel",AWS Summit Tel Aviv
2019-03-13 16:40,How to Build a Data Lake,Eden Perry,"Tel Aviv, Israel",AWS Summit Tel Aviv
2019-03-13 13:20,Orchestrating containers on AWS,Dima Breydo & Shimon Tolts,"Tel Aviv, Israel",AWS Summit Tel Aviv
2019-03-13 14:10,Deep Dive on Amazon Elastic Container Service (ECS),Brent Langston,"Tel Aviv, Israel",AWS Summit Tel Aviv
2019-03-13 15:00,Mastering Amazon Elastic Container Service for Kubernetes (Amazon EKS),Kobi Biton & Yuval Fernbach & Chen Fisher,"Tel Aviv, Israel",AWS Summit Tel Aviv
2019-03-13 15:50,From Code to a running container,Alexei Ledenev & Ido Senesh,"Tel Aviv, Israel",AWS Summit Tel Aviv
2019-03-13 16:40,Design with Ops in mind,Shelly Dar Rapaport & Nir Gomer,"Tel Aviv, Israel",AWS Summit Tel Aviv
2019-03-13 13:20,AWS Analytics Services - When to use what?,Roy Hasson & Ido Senesh,"Tel Aviv, Israel",AWS Summit Tel Aviv
2019-03-13 14:10,Building with AWS Databases: Match Your Workload to the Right Database,Ronnen Slasky,"Tel Aviv, Israel",AWS Summit Tel Aviv
2019-03-13 15:00,Need for Speed - Intro To Real-Time Data Streaming Analytics on AWS,Roy Ben-Alta & Omri Ildis,"Tel Aviv, Israel",AWS Summit Tel Aviv
2019-03-13 15:50,Best practices for Running Spark jobs on Amazon EMR with Spot instances,Daniel Haviv & Ran Sheinberg & Eyal Lanxner & Anatoli Atamanov,"Tel Aviv, Israel",AWS Summit Tel Aviv
2019-03-13 16:40,No Hassle NoSQL - Amazon DynamoDB & Amazon DocumentDB,Leonid Koren & Ziv Shenhav,"Tel Aviv, Israel",AWS Summit Tel Aviv
2019-03-13 13:20,Turbocharge your business with AI and Machine Learning,Gili Nachum & Boaz Ziniman,"Tel Aviv, Israel",AWS Summit Tel Aviv
2019-03-13 14:10,Breaking language barriers with AI,Boaz Ziniman &  Dr. Ruth Bergman,"Tel Aviv, Israel",AWS Summit Tel Aviv
2019-03-13 15:00,Optimize your Machine Learning workloads,Julien Simon,"Tel Aviv, Israel",AWS Summit Tel Aviv
2019-03-13 15:50,Using TensorFlow with Amazon SageMaker,Yuval Fernbach & Yuval Ben-Zion,"Tel Aviv, Israel",AWS Summit Tel Aviv
2019-03-13 16:40,Building Machine Learning inference pipelines at scale,Julien Simon,"Tel Aviv, Israel",AWS Summit Tel Aviv
2019-03-13 13:20,Transform with Cloud to drive your future,Yaki Zakai,"Tel Aviv, Israel",AWS Summit Tel Aviv
2019-03-13 14:10,Solutions for Storage and Data Migrations,Tzoori Tamam,"Tel Aviv, Israel",AWS Summit Tel Aviv
2019-03-13 15:00,Data Migrations - which option is best for you?,Ronen Amrani,"Tel Aviv, Israel",AWS Summit Tel Aviv
2019-03-13 15:50,"Blur the boundaries between your on-premises to AWS cloud by embracing VMWare, Microsoft and other hybrid solutions.",Dudu Twizer & Gabi Dvir,"Tel Aviv, Israel",AWS Summit Tel Aviv
2019-03-13 16:40,AWS Layered Security Solutions,Shllomi Ezra,"Tel Aviv, Israel",AWS Summit Tel Aviv
2019-03-13 13:20,"AWS Core - Compute, Network, Storage and Security",Doron Rogov,"Tel Aviv, Israel",AWS Summit Tel Aviv
2019-03-13 14:10,Building a fully serverless application on AWS,Liron Dor & Adir Sharabi & Benny Keinan,"Tel Aviv, Israel",AWS Summit Tel Aviv
2019-03-13 15:00,AWS Networking - Advanced Concepts and new capabilities,Steve Seymour,"Tel Aviv, Israel",AWS Summit Tel Aviv
2019-03-13 15:50,Budget management with Cloud Economics,Orel Strassman & Dvir Mizrahi,"Tel Aviv, Israel",AWS Summit Tel Aviv
2019-03-13 16:40,Twelve-Factor App Methodology and Modern Applications,Uri Segev & Oren Reuveni,"Tel Aviv, Israel",AWS Summit Tel Aviv